,Author,Number of Publications
0,"Whisner, Mary",66
1,"Keele, Benjamin J.",22
2,"Sexton, Nick",21
3,"Houdek, Frank G.",21
4,"Danner, Richard A.",20
5,"Surrency, Erwin C.",16
6,"Wire, G. E.",16
7,"Mersky, Roy M.",14
8,"Scott, Bettie",14
9,"Thomas, David A.",13
10,"Roalfe, William R.",13
11,"Gardner, Dillard S.",12
12,"Miller, Creighton J. Jr.",12
13,"Holcomb, Jean M.",12
14,"Gallagher, Marian G.",11
15,"Atchison, Amy",11
16,"Marke, Julius J.",11
17,"Halvorsen, Catherine F.",10
18,"Cohen, Morris L.",10
19,"Zell, Annmarie Jean",10
20,"Whisner, Mary ",10
21,"Price, Miles O.",10
22,"Leary, Margaret A.",10
23,"Schanck, Peter C.",9
24,"Fitzpatrick, John T.",9
25,"Hicks, Frederick C.",9
26,"Howland, Joan S.",9
27,"Murley, Diane",9
28,"Jacobstein, J. Myron",9
29,"Grossman, George S.",8
30,"Stern, William B.",8
31,"Gasaway, Laura N.",8
32,"Poldervaart, Arie",8
33,"Fishman, Joel",8
34,"Lewis, Alfred J.",8
35,"Gabriel, Raquel J.",7
36,"Farmer, Frances",7
37,"Bitner, Harry",7
38,"Carter, Nancy Carol",7
39,"Wheeler, Ronald",7
40,"Small, A. J.",7
41,"Jaque, Diana C.",7
42,"Maxwell, Lynne F.",7
43,"Saunders, Myra K.",7
44,"Danner, Dick",7
45,"Brenner, Saul",7
46,"Kehoe, Patrick E.",6
47,"Bander, Ed",6
48,"Hargrave, Helen",6
49,"Mart, Susan Nevelow",6
50,"Jackson, Darla W.",6
51,"Gragg, Phillip",6
52,"Briscoe, Georgia",6
53,"Schwerin, Kurt",6
54,"Germain, Claire M.",6
55,"Pollack, Ervin H.",6
56,"Finley, Elizabeth",6
57,"Forgeus, Elizabeth",6
58,"deMaine, Susan David",6
59,"Cadra, Laura",6
60,"Drummond, Forrest S.",6
61,"Edwards, John D.",5
62,"Kavass, Igor I.",5
63,"Ochal, Bethany J.",5
64,"Youmans, Alice I.",5
65,"Moreland, Carroll C.",5
66,"Gonzalez, Silvia A.",5
67,"Bander, Edward J.",5
68,"Johnson, Bruce S.",5
69,"Davies, Bernita J.",5
70,"Berring, Robert C.",5
71,"Holt, A. Elizabeth",5
72,"Kenyon, Carleton W.",5
73,"Sellers, Christine L.",5
74,"Matthews, Elizabeth W.",5
75,"Axel-Lute, Paul",5
76,"Emery, Robert A.",5
77,"Martin, Peter W.",5
78,"Heller, James S.",5
79,"Graham, Howard Jay",5
80,"Bluh, Pamela",5
81,"Stebbins, Howard L.",5
82,"Johnson, Nancy P.",5
83,"Sinder, Janet",5
84,"Zell, Annmarie",5
85,"Grove, Kathleen S.",4
86,"Mignanelli, Nicholas",4
87,"Hellyer, Paul",4
88,"Taylor, Betty W.",4
89,"Foster, Lynn",4
90,"Allen, Cameron",4
91,"Leiserson, Anna Belle",4
92,"Rosen, Louis M.",4
93,"Cannan, John",4
94,"Dabagh, Thomas S.",4
95,"Slinger, Michael J.",4
96,"Baker, Jamie J.",4
97,"Dee, Mathew F.",4
98,"Bintliff, Barbara",4
99,"Sterling, W. Clinton",4
100,"Scott, Bettie H.",4
101,"Nevers, Shawn G.",4
102,"Lang, Isa",4
103,"Healey, Paul D.",4
104,"Ellenberger, Jack S.",4
105,"Kauffman, S. Blair",4
106,"Reynolds, Thomas H.",4
107,"Margeton, Stephen G.",4
108,"Newman, Helen",4
109,"Greenfield, Elizabeth A.",4
110,"Blaustein, Albert P.",4
111,"King, Dwight",4
112,"Billings, Warren M.",4
113,"Parma, Rosamond",4
114,"Miller, Creighton J.",4
115,"Koster, Gregory E.",4
116,"Schwartz, Mortimer",4
117,"Wheeler, Ronald E.",4
118,"Callister, Paul D.",4
119,"Gee, Pauline E.",4
120,"Glasier, Gilson G.",4
121,"McKenzie, Elizabeth M.",4
122,"Hogan, John C.",4
123,"Lenz, Connie",4
124,"Morse, Anita L.",4
125,"Johnston, Janis L.",4
126,"Pagel, Scott B.",3
127,"Price, M. Kathleen",3
128,"Price, Kathleen",3
129,"Scott, Marianne",3
130,"Benemann, William E.",3
131,"Jarvis, Robert M.",3
132,"Young, Stephen E.",3
133,"Roehrenbeck, Carol A.",3
134,"Borgeson, Earl C.",3
135,"Prince, Huberta A.",3
136,"Smith, Frederick E.",3
137,"Heckel, John W.",3
138,"Makdisi, John",3
139,"Hart, Edward T.",3
140,"Moylan, Helen S.",3
141,"Carrick, Kathleen",3
142,"Talley, Nancy B.",3
143,"Duggan, James E.",3
144,"Sears, Dennis S.",3
145,"Bird, Viola A.",3
146,"Lathrop, Olive C.",3
147,"Yirka, Carl A.",3
148,"Reams, Bernard D. Jr.",3
149,"Lukes, Frank",3
150,"Zhang, Alex",3
151,"Snyder, Fritz",3
152,"Klingelsmith, Margaret Center",3
153,"Newman, Marie Stefanini",3
154,"Beardsley, Arthur S.",3
155,"Schultz, Jon S.",3
156,"Dunn, Donald J.",3
157,"Ellinger, Werner B.",3
158,"Kelsh, Virginia J.",3
159,"Marks, Taryn",3
160,"Torres, Arturo L.",3
161,"Werner, O. James",3
162,"Ruppenthal, J. C.",3
163,"Azyndar, Susan",3
164,"Milles, James G.",3
165,"Alford, Duncan E.",3
166,"Barkan, Steven M.",3
167,"Rogers, Ralph V.",3
168,"Dick, Barrett",3
169,"Enyingi, Peter",3
170,"Riggs, Laurie H.",3
171,"Schwartz, Mortimer D.",3
172,"Brecht, Albert",3
173,"Donovan, James M.",3
174,"Wu, Michelle M.",3
175,"Daly, Gail M.",3
176,"Shediac, Margaret",3
177,"Schriefer, Kent",3
178,"Hambleton, James",3
179,"Custer, Joseph A.",3
180,"Berkowitz, Rhoda L.",3
181,"Morse, Lewis W.",3
182,"Lyon, Frances D.",3
183,"Mills, Robin K.",3
184,"Shucha, Bonnie",3
185,"Bailey, James F. III",3
186,"Will, Linda",3
187,"Tree, Everdeen",3
188,"Murley, Diane ",3
189,"McKavitt, Matthew A.",3
190,"Trelles, Oscar M.",3
191,"Oakley, Robert L.",3
192,"Thurston, Alyssa",3
193,"Elliott, Lucile",3
194,"Kronick, David A.",2
195,"Holcolmb, Jean M.",2
196,"Zagayko, Florence Ferner",2
197,"Cadra, Laura ",2
198,"Dingledy, Frederick W.",2
199,"Pettinato, Tammy R. ",2
200,"Westwood, Karen",2
201,"O'Connor, Linda Karr",2
202,"Clarke, Oscar D.",2
203,"Niedringhaus, Kristina L.",2
204,"Beck, Karen S.",2
205,"Begg, Robert T.",2
206,"Gotschall, Sarah",2
207,"Mills, Grace M.",2
208,"Behrens, Jennifer L.",2
209,"Goldman, Pearl",2
210,"Chipman, Frank E.",2
211,"Leonard, James",2
212,"Breuer, Ernest H.",2
213,"Brown, Kincaid C.",2
214,"Goldblatt, Margaret A.",2
215,"Danner, Richard A. ",2
216,"Moody, Myrtle A.",2
217,"Gruben, Karl",2
218,"Merryman, John Henry",2
219,"Margeton, Steve",2
220,"Daniels, Wes",2
221,"Roalfe, Helen",2
222,"Staheli, Kory D.",2
223,"Losee, Madeleine W.",2
224,"Heuvel, Kathleen Vanden",2
225,"Guild, Frederic H.",2
226,"Vreeland, Robert C.",2
227,"Samuels, Warren J.",2
228,"Cooper, Laura J.",2
229,"Kearley, Timothy G.",2
230,"Pulling, Arthur C.",2
231,"Hook, Peter A.",2
232,"Goldberg, Jolande E.",2
233,"Wajenberg, Arnold",2
234,"Leiter, Richard A.",2
235,"Hoeflich, M. H.",2
236,"Klinefelter, Anne",2
237,"Kwan, Cecilia Hing Ling",2
238,"Mettee, Andrew H.",2
239,"Zick, Kenneth A.",2
240,"Richmond, Michael L.",2
241,"Harrington, William G.",2
242,"Snook, Helen A.",2
243,"Cochran, J. Wesley",2
244,"Dyer, Charles R.",2
245,"Cooper, Byron D.",2
246,"Kearley, Timothy",2
247,"Lynch, Michael J.",2
248,"Sargent, Mark A.",2
249,"Butler, A. Hays",2
250,"Estes, Mark E.",2
251,"Garcia, Lana Caswell",2
252,"Belniak, Theodora",2
253,"Hoeflich, Michael H.",2
254,"Gummere, John S.",2
255,"Sass, Stephen L.",2
256,"Orman, Oscar C. ",2
257,"Dupont, Jerry",2
258,"Campos, Martha Cook",2
259,"Bintliff, Barbara A.",2
260,"Windsor, Steve",2
261,"Dabney, Daniel P.",2
262,"Bredemeyer, Carol",2
263,"Wren, Jill Robinson",2
264,"Petit, Michael J.",2
265,"Quarles, Brandon D.",2
266,"Farmer, Jill Anne",2
267,"Raisch, Marylin J.",2
268,"Moys, Elizabeth M.",2
269,"Garner, Kathy",2
270,"McCluer, Molly",2
271,"Allred, Carol B.",2
272,"Bedard, Laura A.",2
273,"Holcomb, Jean M. ",2
274,"French, Harriet L.",2
275,"Myers, Anne K.",2
276,"Watts, Tim J.",2
277,"Smith, Louis Charles",2
278,"Lindquist, Raymond C.",2
279,"Hyman, Harold M.",2
280,"Smith, Robert S.",2
281,"Elliott, Lucile M.",2
282,"Millican, Rita",2
283,"Eakins, W. George",2
284,"Murray, James M.",2
285,"Dahl, Richard C.",2
286,"Leary, John C.",2
287,"Stoljar, Samuel J.",2
288,"Janto, Joyce Manna",2
289,"Wren, Christopher G.",2
290,"Alexander, W. H.",2
291,"Galligan, Sara",2
292,"Belgum, Kathie",2
293,"Metzmeier, Kurt X.",2
294,"Franklin, Jonathan A.",2
295,"Veit, Fritz",2
296,"Hennen, Alisha",2
297,"Cheney, Mari",2
298,"Neely, Matthew",2
299,"Kelly, Robert Q.",2
300,"Nicely, Marilyn K.",2
301,"Breuer, Ernest Henry",2
302,"Kunsch, Kelly",2
303,"Malmquist, Katherine E.",2
304,"Coonan, Margaret E.",2
305,"Spector, Steven B.",2
306,"Hollander, David A.",2
307,"Wilhelmus, David W.",2
308,"Klein, Fannie J.",2
309,"Runge, Franklin L.",2
310,"Heller, Deborah L.",2
311,"Mantel, Matthew",2
312,"Powers, William J. Jr.",2
313,"Avalos, Francisco",2
314,"Ellenberger, Jack",2
315,"Podvia, Mark W.",2
316,"Sellers, Nicholas",2
317,"Wallach, Kate",2
318,"Hanrahan, Julie",2
319,"Katsh, Ethan",2
320,"Moser, Annalee Hickman",2
321,"Lyons, Susan",2
322,"Caulfield, Monica",2
323,"Carlson, Kathy",2
324,"Casey, Evalyn M.",2
325,"Poe, Elizabeth Holt",2
326,"Thomas, Cherry",2
327,"Willis, Paul A.",2
328,"Watson, Carol A.",2
329,"Boersma, Frederick Lister",2
330,"Musmann, Klaus",2
331,"Hazelton, Penny A.",2
332,"Ensign, David",2
333,"Wright, Judith",2
334,"Engel, Claire",2
335,"Rumsey, Mary",2
336,"Mead, Robert A.",2
337,"Slinger, Sarah C.",2
338,"Benyon, Elizabeth V.",2
339,"Field, O. J.",2
340,"Hollander, David",2
341,"Banks, Margaret A.",2
342,"Bennett, Donna S.",2
343,"Reeve, Allison C.",2
344,"Gilliam, Mary Cooper",2
345,"Emrich, J. Oscar",2
346,"Tice, Beatrice A.",2
347,"Tung, Genevieve B.",2
348,"Kaiser, John Boynton",2
349,"Anzalone, Filippa Marullo",2
350,"Johnston, George A.",2
351,"Levy, Charlotte L.",2
352,"Simmons, Heather J. E.",2
353,"Feazel, E. A.",2
354,"Lee, Jootaek",2
355,"Manz, William H.",2
356,"Ryan, Anna M.",2
357,"Parrish, Jenni",2
358,"Cuadra, Carlos A.",2
359,"Nycum, Peter",2
360,"Wimer, Jessica",2
361,"Rastorfer, Renee Y.",2
362,"Veaner, Allen B.",2
363,"Bilder, Mary Sarah",2
364,"Butler, Margaret",2
365,"Trelles, Oscar M. II",2
366,"Walker, David C.",2
367,"Murray, Jennifer S.",2
368,"Ma, Evelyn",2
369,"Whiteman, Michael",2
370,"Watson, Benjamin",2
371,"Breem, W. W. S.",2
372,"Gerken, Joseph L.",2
373,"Ochal, Bethany",2
374,"Eshleman, Michael O.",2
375,"Ellington, Elizabeth R.",2
376,"Schmehl, Lawrence H.",2
377,"Jeffries, John",2
378,"Pershing, Laura M.",2
379,"Logan, Robert G.",2
380,"Caulfield, Elizabeth",2
381,"Hecht, Rachel",2
382,"Genovese, Robert",2
383,"Yates, Sarah",2
384,"Peoples, Lee F.",2
385,"Brock, Christine A.",2
386,"Chanin, Leah F.",2
387,"Anson, Crystal",2
388,"Drake, Alyson M.",2
389,"Billings, Carol D.",2
390,"Kulpa, Lorraine A.",2
391,"Strickland, Melissa",2
392,"Hudon, Edward G.",2
393,"Parker, Carol A.",2
394,"Schoenberg, Jill",2
395,"Di Canio, Frank",2
396,"Jurkins, Jacquelyn J.",2
397,"Gruben, Karl T.",2
398,"Royle, Mary Anne",2
399,"Janes, Judy C.",2
400,"Justiss, Laura K.",2
401,"Jordan, Gamble",2
402,"Olejnikova, Lucie",2
403,"McDaniel, Arthur S.",2
404,"Chipman, F. E.",2
405,"Head, Anita K.",2
406,"Lind, Douglas W.",2
407,"Ross, Eve",2
408,"Hewitt, Luther E.",2
409,"Cohen, Philip F.",2
410,"Vambery, Joseph T.",2
411,"Young, Caroline",2
412,"Anderson, Robert B.",2
413,"Milunovich, Kent",2
414,"Cihak, Herbert E.",2
415,"Godard, George S.",2
416,"Dickson, Lance E.",2
417,"James, Eldon R.",2
418,"Morrison, Alfred A.",2
419,"Boast, Carol",2
420,"Bast, Carol M.",2
421,"Stone, Dennis J.",2
422,"Leinbach, Anne E.",2
423,"Kiel-Morse, Margaret",2
424,"Adan, Adrienne",2
425,"Piper, Patricia L.",2
426,"Oliver, Mary W.",2
427,"Pimsleur, Meira G.",2
428,"Umberger, Michael N.",2
429,"Dragich, Martha J.",2
430,"Selden, Karen",2
431,"Lee, Frank",1
432,"Senezak, Christina M.",1
433,"Chicco, Meg",1
434,"Saltalamachia, Joyce",1
435,"Benedict, Lyle A.",1
436,"Runde, Craig E.",1
437,"Kehoe, Carole F.",1
438,"Fu, Paul S.",1
439,"McDermott, Jo",1
440,"Lloyd, Harold A.",1
441,"Senter, Melanie G.",1
442,"Campbell, Vivian L.",1
443,"Nevin, Susanne",1
444,"Kawamoto, Chizuko",1
445,"Pawloski, Barbara M.",1
446,"Fox, James R.",1
447,"Flores, Arturo",1
448,"Klinger, Suzanne A.",1
449,"Nelson, Veneese C.",1
450,"Patton, William Wesley",1
451,"Rohlfing, Kenneth",1
452,"Nissenbaum, Robert J.",1
453,"Chiorazzi, Michael",1
454,"Mastrangelo, Paul J.",1
455,"Uyehara, G. E.",1
456,"Whipple, P. Michael",1
457,"Mitchel, Steven E.",1
458,"Stoppel, Kaye V.",1
459,"Poole, Franklin O.",1
460,"Firak, Nancy Lee",1
461,"Silverman, Marc",1
462,"Kolin, Philip C.",1
463,"Oaks, Robert",1
464,"Burson, Scott F.",1
465,"Nainis, Linda",1
466,"Speer, Laura",1
467,"Goldblatt, Magaret A.",1
468,"Grunenwald, Joseph P.",1
469,"Bing, Jon",1
470,"Smith, Christopher E.",1
471,"Shepard, E. Lee",1
472,"Fairbrook, Glenn",1
473,"Bourguignon, Jean",1
474,"Richert, Paul",1
475,"Shapo, Helene S.",1
476,"Cross, Linda",1
477,"Traynor, Kenneth",1
478,"Marquardt, Ronald G.",1
479,"Lindberg, William H.",1
480,"Gilbert, Frank B.",1
481,"Berwick, Philip C.",1
482,"Murphy, William D.",1
483,"Rogers, Elaine",1
484,"Schulte, Linda",1
485,"Sawyer, Michael E.",1
486,"Tseng, Henry P.",1
487,"Boissonnas, Christian M.",1
488,"Doms, Margaret T.",1
489,"Klingner, Donald E.",1
490,"Kondak, Ann",1
491,"Silverburg, Sanford R.",1
492,"Hyatt, Dennis",1
493,"Schlueter, Kay",1
494,"May, Jon",1
495,"Bolanos, J. A. ",1
496,"Munro, Robert J.",1
497,"Laurence, Robert",1
498,"McCrary, Christy B.",1
499,"Mills, Robin",1
500,"Cooper, William L.",1
501,"Wheeler, Edd D.",1
502,"Kosek, Reynold",1
503,"Flynn, Lauri R.",1
504,"Shimane, Robert",1
505,"Sapienza, Diane",1
506,"Mubarak, Jill",1
507,"Foust, Judith M.",1
508,"Marek, Kate",1
509,"Hirst, Donna",1
510,"Norten, Melanie Nietmann",1
511,"Finch, Jean",1
512,"Gordon, Edward",1
513,"Christensen, John E.",1
514,"Carrick, Kathleen M.",1
515,"Leone, Gerome",1
516,"Brown, Ronald L.",1
517,"Ollerenshaw, Kay",1
518,"Christiani, Linnea",1
519,"Larson, Kathleen T.",1
520,"Rose, Verlinda C.",1
521,"Johnson, Beverlee",1
522,"Wahba, Susanne Patterson",1
523,"Wemple, William L.",1
524,"Story, Allen C.",1
525,"Snyder, Esther Mann",1
526,"Weil, Stephen E.",1
527,"Deiser, George F.",1
528,"Beaman, Middleton",1
529,"Bryan, Henry L.",1
530,"Belitz, Arthur F.",1
531,"Irons, Peter H.",1
532,"Strable, Jane",1
533,"Rasmussun, Laura",1
534,"Gonzalez, Armando",1
535,"Kickingbird, Kirke",1
536,"Funke, Karl A.",1
537,"Ferguson, Clyde Jr.",1
538,"Strait, George A.",1
539,"Gordon, Robert W.",1
540,"Henke, Dan F.",1
541,"Golub, Melinda V.",1
542,"Gwynn, M. Beth",1
543,"Brock, Christine Anderson",1
544,"Carter, Ann M.",1
545,"Myers, Mindy J.",1
546,"Spencer, Karen L.",1
547,"Breakstone, Barbara R.",1
548,"Schwark, Sabine",1
549,"Wolfe, Charles B.",1
550,"Edelman, Gayle Smith",1
551,"Begleiter, Ronni F.",1
552,"Chee, Luciana",1
553,"Ward, Peter C.",1
554,"Levine, Theodore A.",1
555,"Sherman, James G.",1
556,"Sangster, Barbara C.",1
557,"Sandmeyer, Ellen C.",1
558,"Ripps, Stephen R.",1
559,"Fletcher, Pamela W.",1
560,"Bessette, Irene",1
561,"Goulet, Jean",1
562,"Papke, David R.",1
563,"Taylor-Glaze, Maureen A. S.",1
564,"Schaaf, Robert W.",1
565,"Goedan, Juergen Christoph",1
566,"Sprudzs, Adolf",1
567,"Weisbaum, Earl",1
568,"Bernal, Marie-Louise H.",1
569,"Amelung, Richard",1
570,"Stoppel, Kaye",1
571,"Pennington, Catherine A.",1
572,"Baade, Hans W.",1
573,"deVergie, Adrienne",1
574,"Hillmann, Diane I.",1
575,"Hurtado, Lovisa",1
576,"Huff, Susan E.",1
577,"Teitelbaum, Gene W.",1
578,"Endres, Heidi",1
579,"Wheeler, Harvey",1
580,"Paust, Jordan J.",1
581,"Wheat, Edward M.",1
582,"St. Sauver-Reinecke, Barbara",1
583,"Thomas, William A.",1
584,"Buchanan, Sally A.",1
585,"Fox, Elyse H.",1
586,"Hanley, Thomas L.",1
587,"Flores, Arturo A.",1
588,"Carlborg, Ken",1
589,"Bysiewiez, Shirley R.",1
590,"Harris, Catherine K.",1
591,"Brecht, Albert ",1
592,"Marquardt, Ronald",1
593,"Rempel, S. Patricia",1
594,"Marion, Phyllis C.",1
595,"Burnett, Stephen L.",1
596,"Gontrum, Barbara Sutton",1
597,"Fishlyn, Fannie Szathmary",1
598,"Wynne, Joseph",1
599,"Goza, Shirley",1
600,"Chrisant, Rosemarie",1
601,"Csaky, Susan D.",1
602,"Beardwood, Louise B.",1
603,"Hoffer, Shirley Ann",1
604,"Cohen, Linda",1
605,"Hoover, Kathryn M.",1
606,"Ryoo, Heija B.",1
607,"Ritz, Wilfred J.",1
608,"Smith, Jim",1
609,"Philipp, Linda",1
610,"Kleckner, Simone-Marie",1
611,"Vetri, Dominick",1
612,"Adamson, Martha C.",1
613,"Hahn, Ermina",1
614,"Giblin, Robert",1
615,"Parker, Marian F.",1
616,"Fraser, Joan",1
617,"Funk, David A.",1
618,"MacEllven, Douglass T.",1
619,"Krakora, Ed",1
620,"Ogden, Alan W.",1
621,"Zamora, Gloria J.",1
622,"Schauck, Peter C.",1
623,"Badertscher, David G.",1
624,"Gorecki, Danuta M.",1
625,"Swan, George S.",1
626,"White, G. Edward",1
627,"Charpentier, Arthur A.",1
628,"Marke, Julius",1
629,"Gallagher, Marian",1
630,"Berkey, Irene",1
631,"Jacobs, Roger F.",1
632,"Swisher, Peter Nash",1
633,"Fessenden, Ann T.",1
634,"Nyberg, Cheryl",1
635,"Greenberg, Emily R.",1
636,"Gorecki, Danuta",1
637,"McConkey, Joan",1
638,"Calvert, Lois",1
639,"Carlson, Rhonda",1
640,"Ashmore, Anne",1
641,"Champagne, David W.",1
642,"Sastri, M. I.",1
643,"Marathe, Aruna B.",1
644,"Pikowsky, Robert A.",1
645,"Hanson, F. Allan",1
646,"Duszak, Thomas",1
647,"Tearle, Barbara",1
648,"McMurrer, Nancy M.",1
649,"Zaher, Claudia",1
650,"Hasko, John J.",1
651,"Turpening, Patricia K.",1
652,"Cooper, Eileen B.",1
653,"Hemmens, Ann",1
654,"Leary, Margaret",1
655,"Acosta, Luis M.",1
656,"Lewis, Sheri H.",1
657,"Gerdy, Kristin B.",1
658,"Pedzich, Joan",1
659,"George, Paul M.",1
660,"Hu, Robert Haibin",1
661,"Pyle, Ransford C.",1
662,"Feather, K. Celeste",1
663,"Bravy, Gary J.",1
664,"Brown, Patricia I.",1
665,"Joergensen, John P.",1
666,"Baird, Brian J.",1
667,"Watts, Irma A.",1
668,"Barbour, Ashburn Kennett",1
669,"Wills, Monica P.",1
670,"Morrell, Harvey K.",1
671,"Somers, Herb",1
672,"Fritschel, Barbara",1
673,"McMurrer, Nancy",1
674,"Rosbrook, Fred E.",1
675,"Mongeau, Deborah",1
676,"Rao, Sunil",1
677,"Kane, Mary Kay",1
678,"Smith, Robert H.",1
679,"Justiss, Laura",1
680,"Flood, Molly",1
681,"Whelan, David",1
682,"Reach, Catherine Sanders",1
683,"Louis-Jacques, Lyonette",1
684,"Baird, Douglas",1
685,"Wenger, Larry",1
686,"Knott, Christopher",1
687,"Bedard, Laura",1
688,"Neacsu, E. Dana",1
689,"Nyberg, Cheryl Rae",1
690,"Fritschel, Barbara L.",1
691,"Nemcheck, Lee R.",1
692,"Morey, Beth",1
693,"Murphy, Erin (I)",1
694,"Egan, Nancy",1
695,"Studwell, Roberta",1
696,"Thorpe, Suzanne",1
697,"Fletcher, G. LeGrande",1
698,"van Laer, Conrad J. P.",1
699,"Brown, Wendy R.",1
700,"Richman, Harriet",1
701,"Saxon, Jonathan",1
702,"Garces, Vicente E.",1
703,"Neely, Teresa Y.",1
704,"Jackson, George R.",1
705,"Ayala, Jacqueline",1
706,"Chandler, Yvonne J.",1
707,"Pearson, Joyce A. McCray",1
708,"Koshollek, Mary J.",1
709,"Platt, Ellen J.",1
710,"Casey, Kathleen E.",1
711,"Shull, Janice K.",1
712,"Halevy, Balfour",1
713,"Rae, Ann",1
714,"Abrahams, Sharon M.",1
715,"Strohmeyer, Nancy L.",1
716,"Torres, Arturo Lopez",1
717,"Jenkins, David",1
718,"Gemellaro, Elizabeth",1
719,"Lin, Katherina R.",1
720,"Barmakian, Deanna",1
721,"Padfield, Amy",1
722,"Lawrence, Jan",1
723,"Dacres, Bridget E.",1
724,"Louzin, Brenna A.",1
725,"Dabney, Dan",1
726,"Harrell, Susan",1
727,"Walters, Caroline",1
728,"Potter, Theodore A.",1
729,"Breeze, Hope",1
730,"Campbell, Leslie M.",1
731,"Melamut, Steven J.",1
732,"Alsbury, Donna",1
733,"Clark, Mae M.",1
734,"Morris, Jane W.",1
735,"Taylor, William L.",1
736,"Kendrick, Susan",1
737,"Murphy, Sheila F.",1
738,"Senter, James B.",1
739,"Bleyker, Karin Den",1
740,"Meyer, Lawrence R.",1
741,"Moyer, Vincent",1
742,"Lerdal, Susan Nissen",1
743,"Tilman-Davis, Michael W.",1
744,"Healey, Paul D. ",1
745,"Fritsch, Lynn H.",1
746,"Paulus-Jagric, Deborah",1
747,"Conroy, Terrye",1
748,"Davis, Helane E.",1
749,"Richards, Janet Leach",1
750,"McKenzie, Elizabeth",1
751,"Solon, Kasia",1
752,"Gilson, Eric T.",1
753,"Babb, Nancy",1
754,"Cowan, David G.",1
755,"Parham, Rita M.",1
756,"Mulhern, Pegeen",1
757,"Etheredge, Stacy",1
758,"Martens, Monica",1
759,"Armstrong, Nancy A.",1
760,"Lewis-Somers, Susan",1
761,"Henderson, Charlotte Graesser",1
762,"Gerson, Kevin D.",1
763,"French, Thomas R.",1
764,"Dabney, Daniel ",1
765,"Wise, Virginia J.",1
766,"Schauer, Frederick",1
767,"Shea, Alison ",1
768,"Hazelton, Penny A. ",1
769,"Atchinson, Amy",1
770,"Hoeflich, Michael H. ",1
771,"Anzalone, Filippa Marullo ",1
772,"Nevers, Shawn G. ",1
773,"Dyer, Charles R. ",1
774,"Murphy, James",1
775,"Campagna, Rosemary H.",1
776,"Somers, Harold",1
777,"Young, Stephen E. ",1
778,"Callister, Paul D. ",1
779,"Coleman, Phyllis",1
780,"Teitcher, Carrie W. ",1
781,"Kearley, Timothy G. ",1
782,"Beck, Karen S. ",1
783,"Barkan, Steven M. ",1
784,"Cohen, Morris L. ",1
785,"Noveck, Beth ",1
786,"Stefancic, Jean ",1
787,"Delgado, Richard",1
788,"Hoffheimer, Michael H.",1
789,"Appenzellar, Terry",1
790,"Tighe, Chris",1
791,"Browne, Kelly",1
792,"Axtmann, Margaret Maes",1
793,"Lynch, Clifford",1
794,"Marcum, Deanna B.",1
795,"Seo, Hilary T.",1
796,"Parmelee, Mary Ann Shetzer",1
797,"Prager, Susan Westerberg",1
798,"Burnham, Scott J.",1
799,"McDade, Travis",1
800,"Bollier, David",1
801,"Alexander, Peter C.",1
802,"Stephens, Joe K.",1
803,"Bowler, Richard L.",1
804,"Yessin, Gary",1
805,"Scott, Sharon K.",1
806,"Patrum, Masako",1
807,"Hu, Robert H.",1
808,"Blackburn, Sharon",1
809,"Trosow, Samuel E.",1
810,"Cox, Lucy",1
811,"Burke, Stephanie J.",1
812,"Schultz, Rachel",1
813,"Thibodeau, Kenneth",1
814,"Buckwalter, Robert L.",1
815,"Clareson, Tom",1
816,"Brooks, Serena",1
817,"Lomio, J. Paul",1
818,"Jacobstein, Bennett",1
819,"Rentschler, Cathy",1
820,"Burdett, Pamela",1
821,"Kuester, Earlene",1
822,"Waters, Sally",1
823,"Digan, Stacey",1
824,"Mao, David S.",1
825,"Grey, Debbie",1
826,"Cheney, Kristin A.",1
827,"Mattar, Mohamed Y.",1
828,"Falkow, Michele G.",1
829,"McCabe, Mark J.",1
830,"Osborne, Amy Beckham",1
831,"Howard, Paul E.",1
832,"de Jong, Mark",1
833,"Keefe, Thomas",1
834,"King, Dwight B. Jr.",1
835,"Schwartz, April",1
836,"Coolidge, Katherine K.",1
837,"Liebert, L. Tobe",1
838,"Johnston, R. H.",1
839,"Mwalimu, Charles",1
840,"McCormack, Terrence E.",1
841,"Costle, Douglas M.",1
842,"Bridges, Barbara S.",1
843,"Simoni, Christopher",1
844,"Jay, Marjorie",1
845,"Botein, Stephen W.",1
846,"Cherry, Anna M.",1
847,"Cornish, Graham P.",1
848,"Williams, Jane",1
849,"Lemmon, Virginia Till",1
850,"Reidinger, Betsy",1
851,"Nagel, Stuart S.",1
852,"Miller, Bruce Cummings",1
853,"Lewis, Timothy A.",1
854,"Kitchens, Lynne B.",1
855,"Calk, Jo",1
856,"Jones, Cathy J.",1
857,"Weisbard, Phyllis Holman",1
858,"Gray, John A.",1
859,"Chase, Marcelle P.",1
860,"Buyukmihci, Nedim C.",1
861,"Britt, Robert R.",1
862,"Muller, Harald",1
863,"Schriek, Robert",1
864,"Nourse, Emory M.",1
865,"Wells, William W.",1
866,"Doyle, John",1
867,"LeMay, Denis",1
868,"Talpis, Jeffrey A.",1
869,"Carbonneau, Thomas E.",1
870,"Brierley, John E. C.",1
871,"Butler, John T.",1
872,"Terry, Kathleen R.",1
873,"Hartman, Gary R.",1
874,"Woodward, Mary A.",1
875,"Shimpock-Vieweg, Kathy",1
876,"Richmond, Gail Levin",1
877,"Tam, Jessie",1
878,"Stone, Alva T.",1
879,"Craig, Edward L. Jr.",1
880,"Nemchek, Lee R.",1
881,"Hoover, James L.",1
882,"Fraley, Ruth A.",1
883,"Terrell, Timothy P.",1
884,"Trimble, Marsha",1
885,"Chilton, Bradley S.",1
886,"Reid, Marianne",1
887,"Bryson, W. Hamilton",1
888,"Sanderson, Rosalie M.",1
889,"Goldsmith, Laura M.",1
890,"Hardy, I. Trotter",1
891,"Clark, Georgia A.",1
892,"Braithwaite, Heather J.E.",1
893,"Byrd, Gary D.",1
894,"Attanasio, John B.",1
895,"Stone, Alva Theresa",1
896,"Dalehite, Michele I.",1
897,"Drewes, Jeanne",1
898,"Palmer, Jan",1
899,"LaPiana, William P.",1
900,"Hall, Kermit L.",1
901,"Stevens, Norman D.",1
902,"Smith, Andrew H.",1
903,"Greene, Evalyn",1
904,"Ifebuzor, Christopher C.",1
905,"Elliott, Carol",1
906,"Crews, Kenneth D.",1
907,"Pinsley, Lauren J.",1
908,"Hammond, Jane L.",1
909,"Picken, Suzanne",1
910,"Sherwin, Rosalie",1
911,"Wallace, Marie",1
912,"Zachert, Martha J. K.",1
913,"Fitzhugh, Kathryn C.",1
914,"Puckett, Ann",1
915,"Kennedy, Bruce M.",1
916,"Diodato, Virgil",1
917,"Payne, Lucy Salsbury",1
918,"Dickson, Constance P. ",1
919,"Haythorn, J. Denny ",1
920,"Martin, Harry S. III",1
921,"Mahr, Theodore A.",1
922,"Callinan, Ellen M.",1
923,"Yancey, Susan",1
924,"Ensor, Pat",1
925,"Noel-Tod, Alex",1
926,"Woxland, Thomas A.",1
927,"Miskin, Christine",1
928,"Jackson, Bernard S.",1
929,"Hoyle, J. M. D.",1
930,"Otton, Philip Howard",1
931,"Wishart, Lynn",1
932,"Lester, June",1
933,"Bernau, Brent",1
934,"MacPherson, Lillian Bjarnason",1
935,"Marshall, Denis S.",1
936,"Harrison-Cox, Lucinda D.",1
937,"Jordan, Stephen R.",1
938,"Tepper, Laurie C.",1
939,"Bryson, W. H.",1
940,"Briscoe, Georgia K.",1
941,"Pratt, Katherine T.",1
942,"Liu, Frank Y.",1
943,"Lai, Helena",1
944,"Ballard, Rhea A-L ",1
945,"Kearly, Timothy",1
946,"Bausch, Donna",1
947,"Mosley, Madison Jr.",1
948,"Makdisi, Marianne",1
949,"Meadows, Judith A.",1
950,"Brown, Louis M.",1
951,"Isenbergh, David",1
952,"Duggan, Michael",1
953,"Goldberg, Marci Rothman",1
954,"Goldberg, Perry M.",1
955,"Morrison, Susan",1
956,"Menefee, Samuel Pyeatt",1
957,"O'Connor, Patricia Harris",1
958,"Koslov, Marcia J.",1
959,"Pantaloni, Nazareth A. M. III",1
960,"Clapp, Laurel R.",1
961,"Seeger, Leinaala R.",1
962,"Tilevitz, Sarah Laidlaw",1
963,"Conklin, Curt E.",1
964,"Dempsey, Bert J.",1
965,"Strange, Joanna Gleed",1
966,"Munson, F. G.",1
967,"Munson, Agnes M.",1
968,"Pratter, Jonathan",1
969,"Cooper, Eric",1
970,"King, David K.",1
971,"Charles, Patrick",1
972,"Haigh, Richard",1
973,"Thomas, Julie A.",1
974,"Fletcher, Ann C.",1
975,"Stephens, Alan",1
976,"May, Daniel",1
977,"Saint-Onge, Michael",1
978,"Mackler, Mark",1
979,"Fontenot, Mitch",1
980,"Luo, Wei",1
981,"Green, Percy H.",1
982,"Thompson, Jane",1
983,"Fitzgerald, Maureen F.",1
984,"Wilhelmus, Mary Tiede",1
985,"Jorgensen, J. N.",1
986,"Mayo-Jefferies, Deborah",1
987,"Snow, Barbara J.",1
988,"Okonska, Maria",1
989,"Trauner, Meg",1
990,"Stefancic, Jean",1
991,"Anglim, Christopher",1
992,"Hardy, I. T.",1
993,"Herskowitz, Suzan",1
994,"Hoeppner, Christopher J.",1
995,"Thomas, Joseph W.",1
996,"Smolla, Rodney A.",1
997,"Ogden, Patti",1
998,"Corbett, Maryann",1
999,"Freehling, Dan J.",1
1000,"Fruchtman, Gail H.",1
1001,"Topulos, Katherine",1
1002,"Kaufman, Debra",1
1003,"Carlson, Kathleen B. ",1
1004,"Crowther, Janet L.",1
1005,"Woodward, Mary",1
1006,"Heard, Thomas E.",1
1007,"James, Barbara G.",1
1008,"McDermott, Margaret H.",1
1009,"Wallace, Danny P.",1
1010,"Kelley, Wayne P.",1
1011,"Jarrett, Beth D.",1
1012,"Biscardi, Francine",1
1013,"Amelung, Richard C.",1
1014,"Pearse, Richard",1
1015,"Byrne, Cornelia",1
1016,"Diaz, Carmina M.",1
1017,"Stein, Jay W.",1
1018,"Mongelli, William D.",1
1019,"Harhai, Marilyn Kay",1
1020,"Williams, Leonette M.",1
1021,"Silvis, Gregg A.",1
1022,"Nelson, David N.",1
1023,"Robbins, Sara",1
1024,"Torres, Jose R.",1
1025,"Meadows, Judith",1
1026,"Crane, Martha Berglund",1
1027,"McLean, C. D.",1
1028,"Desert, Sheilla E.",1
1029,"Jensen, Mary Brandt",1
1030,"Jackson, Mary E.",1
1031,"Miller, Ellen J.",1
1032,"Cohen, Eileen B.",1
1033,"Krause, Margaret Maher",1
1034,"Horwitz, Morton J.",1
1035,"White, Richard O.",1
1036,"Mazor, Lester J.",1
1037,"Hart, James",1
1038,"Shephard, Karen L.",1
1039,"Adelman, Elizabeth G.",1
1040,"Chen, Sherry Xin",1
1041,"Martineau, Andrew J.",1
1042,"Manriquez, Elizabeth",1
1043,"Beatty, John R.",1
1044,"Zagata, Simon F.",1
1045,"Davis, Laurel",1
1046,"Kostek, Meredith Weston",1
1047,"Szymczak, Victoria",1
1048,"Janes, Judy",1
1049,"Slyhoff, Merle J.",1
1050,"Russell, Anna",1
1051,"McLaren, Margot",1
1052,"Darby, Della H.",1
1053,"Cosby, Michelle",1
1054,Brown Kincaid C.,1
1055,"Brown, Cynthia",1
1056,"Bradley, Sharon",1
1057,"Bannen, Carol",1
1058,"Patti, Richard J.",1
1059,"Adelman, Robert M.",1
1060,"Steinke, Matthew R.",1
1061,"Bensley, Sara",1
1062,"Ott, Katie",1
1063,"Chapman, Jennifer E.",1
1064,"Mart-Rice, Jennifer",1
1065,"Retteen, Aaron",1
1066,"Zarin, Babak",1
1067,"Newman, Mariana",1
1068,"Oltmann, Shannon M.",1
1069,"von Wiegen, Lisa",1
1070,"Krishnaswami, Julie Graves",1
1071,"Seeger, Vanessa",1
1072,"Rothenberg, Kevin",1
1073,"Alexander, Andrea",1
1074,"Roddy, Shannon",1
1075,"Haendler, David M.",1
1076,"Johnson, Tanya M.",1
1077,"Dixon, Jennifer",1
1078,"Lewis, Sarah A.",1
1079,"Cooper, Matthew S.",1
1080,"Ziegler, Stephanie",1
1081,"Frey, Scott",1
1082,"Braun, Matthew",1
1083,"Gierloff, Tami",1
1084,"Vettorello, Nancy",1
1085,"Rakestraw, Lacy",1
1086,"McLaughlin, Paul Jr.",1
1087,"Collins, Lauren Michelle",1
1088,"Price, Loretta",1
1089,"Marshall, Sibyl",1
1090,"Childs, Scott",1
1091,"Young, Eric W.",1
1092,"Reis, Sarah",1
1093,"Newcombe, Pat",1
1094,"Bahnson, Jane",1
1095,"Sowers-Paige, Endia",1
1096,"Adkins, John W.",1
1097,"Mostad-Jensen, Anne",1
1098,"Yu, Liying",1
1099,"Han, Ning",1
1100,"Le, Avery",1
1101,"Kunkel, Rebecca",1
1102,"Jaeger, Paul T.",1
1103,"Gorham, Ursual",1
1104,"Truman, Robert M.",1
1105,"Song, Chi Hyon",1
1106,"Templo-Capule, Marie S.",1
1107,"Seidler, Rena",1
1108,"Brannon, Pamela C.",1
1109,"Mathapo, Gail",1
1110,"Dalton, Shamika D.",1
1111,"Haythorn, Denny",1
1112,"Rasmussen, Jamie Pamela",1
1113,"Cross, Stephanie",1
1114,"Thompson, Bryan",1
1115,"Grzybowski, Shannon",1
1116,"Harmon, Mark G.",1
1117,"Longa, Ernesto A.",1
1118,"Murphy, Felicity",1
1119,"Mattioli, Kimberly",1
1120,"Schmehi, Lawrence H.",1
1121,"Evans, Lawrence B.",1
1122,"Dalton, Shamika",1
1123,"Chandler, R. B. Jr.",1
1124,"Studwell, Roberta F.",1
1125,"Metheny, Ryan",1
1126,"Mattson, Kurt R.",1
1127,"Clark, David S.",1
1128,"Lang, Andrew W.",1
1129,"Chiu-Ousland, Gilda",1
1130,"Smith, Pamela G.",1
1131,"Baker, Olli S.",1
1132,"Bowersox, Christine",1
1133,"Radthorne, Daniel",1
1134,"McKimmy, Chelsey",1
1135,"Dulac, Christine I.",1
1136,"Wechsler, Gail",1
1137,"Pittman, Aimee Self",1
1138,"Phillips, Kara Lea",1
1139,"Emerson, Amy A.",1
1140,"Neacsu, Dana",1
1141,"Stoddard, Morgan M.",1
1142,"Scotese, Ariel",1
1143,"Murphy, Miriam A.",1
1144,"Park, Christine",1
1145,"Gualtier, Susan",1
1146,"Miguel-Stearns, Teresa",1
1147,"Petite, SaraJean",1
1148,"Bournoutian, Narine",1
1149,"Brown, Katie",1
1150,"Marcum, Emily",1
1151,"Chapman, Rebecca",1
1152,"Pruitt, Paul Jr.",1
1153,"Litzler, Adam",1
1154,"Gunderman, David",1
1155,"Preuss, Nathan A.",1
1156,"Kuehl, Heidi Frostestad",1
1157,"Ching, Tina S.",1
1158,"Placzek, Sandra B.",1
1159,"Fordon, Rebecca",1
1160,"Carson, Tamara",1
1161,"Ross, Laura Gach",1
1162,"Galeczka, Christopher M.",1
1163,"Nixon, Donna L.",1
1164,"Arado, Therese A. Clarke",1
1165,"Kammer, Sarah E.",1
1166,"Hall, Lise Hamilton",1
1167,"Williams, Austin Martin",1
1168,"Bahnson, Jane P.",1
1169,"Gras, Sara",1
1170,"Wood, Emma",1
1171,"Davis, Judy K.",1
1172,"Wharton, Amy A.",1
1173,"Condit, Cynthia",1
1174,"Berg, Eric C.",1
1175,"Landon, Natasha Marie",1
1176,"Bassett, Cynthia W.",1
1177,"Stewart, Ashley Evans",1
1178,"Seidler, Rena K.",1
1179,"Huderson-Poydras, Phebe E.",1
1180,"Abdullah, Aamir S.",1
1181,"Eaton, Tracy",1
1182,"Risinger, D. Michael",1
1183,"Burchfield, Jessie Wallace",1
1184,"Edwards, Eli",1
1185,"Pfeiffer, Sarah A.",1
1186,"Nicholson, Genevieve P.",1
1187,"Davis, Sabrina A.",1
1188,"Zhang, Lei",1
1189,"Ellis, Kaylan",1
1190,"Caton, Stewart A.",1
1191,"Lynch, Kathleen",1
1192,"Yoon, Nam Jin",1
1193,"Kite, Rebecca",1
1194,"Holahan, Alisa",1
1195,"Laskowski, Cas",1
1196,"LaBossiere, Tarica",1
1197,"Curtis, Whitney A.",1
1198,"Silverman, Sue",1
1199,"Blechner, A. J.",1
1200,"Flyntz, Matthew E.",1
1201,"Parks, Stephen",1
1202,"Schneider, Barbara",1
1203,"Noel, Joe",1
1204,"Rector, Aubrey",1
1205,"Yoo, Kwanghyuk",1
1206,"Wade, Carol",1
1207,"Silk, James J.",1
1208,"Rudolf, Kenneth",1
1209,"Thompson, Tracy L.",1
1210,"Engsberg, Mark",1
1211,"Miguel-Stearns, Teresa M.",1
1212,"Kellett, Cate",1
1213,"Nann, John",1
1214,"Shapiro, Fred R.",1
1215,"Villagran, Michele A. L.",1
1216,"Stiverson, Keith Ann",1
1217,"Winston, Cornell H.",1
1218,"Jones, Yolanda Patrice",1
1219,"Segota, Courtney",1
1220,"Timko, Matt",1
1221,"Pike, George H.",1
1222,"Ryan, Sarah E.",1
1223,"Lawless-Collins, Anna",1
1224,"Lowe, M. Sara",1
1225,"Leers, Susanna",1
1226,"Smith, Sallie",1
1227,"Dippel, Horst",1
1228,"Jackson, Daria W.",1
1229,"Greenlee, Ed",1
1230,"Steele, Jordon",1
1231,"Hazelton, Penny",1
1232,"Fitchett, Taylor",1
1233,"Wallace, Karen L.",1
1234,"Miller, Wayne V.",1
1235,"Hibbitts, Bernard J.",1
1236,"Leong, Kelly",1
1237,"Lanosga, Gerry",1
1238,"Martin, Shannon E.",1
1239,"Briscoe, Georgia ",1
1240,"Rhodes, Sarah",1
1241,"Davidson, Stephanie",1
1242,"Hart, James W.",1
1243,"Runyon, Amanda M.",1
1244,"Street, Leslie A.",1
1245,"Roncevich, Patricia",1
1246,"Sellers, Christine",1
1247,"Bilings, Carol",1
1248,"Kauger, Yvonne",1
1249,"Kelly, James P. Jr.",1
1250,"Cross, William M.",1
1251,"Raven, James",1
1252,"Prest, Wilfrid",1
1253,"O'Connor, Sharon Hamby",1
1254,"Olson, Kent C.",1
1255,"Widener, Michael",1
1256,"Warrington, David",1
1257,"Luttrell, Jordan D.",1
1258,"Arnold, Morris S.",1
1259,"Cohen, Daniel A.",1
1260,"Gabriel, Raquel J. ",1
1261,"Richards, Robert ",1
1262,"Kim-Prieto, Dennis",1
1263,"Armond, David L.",1
1264,"Hessler, John",1
1265,"Reeves, Larry",1
1266,"Cordon, Matthew C.",1
1267,"Kaufman, Amy",1
1268,"Palfrey, John",1
1269,"Fortney, Katie",1
1270,"Harcharan, Pamela",1
1271,"Monroe, Barbara R.",1
1272,"Reusch, Rita",1
1273,"Gleason, Diana",1
1274,"Goldman, Pearl ",1
1275,"Wong, Tak Ming",1
1276,"Kit, Chunyu",1
1277,"Kim-Prieto, Dennis C.",1
1278,"Anderson, Steven P.",1
1279,"Alford, Duncan",1
1280,"Neal, James G.",1
1281,"Jayasuriya, H. Kumar",1
1282,"Koulikov, Mikhail",1
1283,"Manion, Terrance K.",1
1284,"Wohl, Helen",1
1285,"Lee, Sarah Hooke",1
1286,"Wheeler, Sumner York",1
1287,"Cobb, Maud B.",1
1288,"Foote, Mary S.",1
1289,"Borchard, Edwin M.",1
1290,"Seymour, Charles B.",1
1291,"Lester, C. B.",1
1292,"Wang, I-Wei",1
1293,"Campbell, Peter Scott",1
1294,"Morais, Yasmin",1
1295,"Jones, Julie M. ",1
1296,"Lambert, Elizabeth",1
1297,"Duffy, Jill",1
1298,"Heller, Heidi W. ",1
1299,"Hu, Robert H. ",1
1300,"Mackoff, Barbara L. ",1
1301,"Zell, Annmarie ",1
1302,"Kribble, Meg",1
1303,"Ginsberg, Deborah",1
1304,"Oberlin, Melanie",1
1305,"Guy, Melissa",1
1306,"Meyer, Patrick",1
1307,"Ballard-Thrower, Rhea",1
1308,"Daniel, Josiah M. III",1
1309,"Runyon, Amanda M. ",1
1310,"Lihosit, Judith ",1
1311,"Palfrey, John G. ",1
1312,"Turpening, Patricia K. ",1
1313,"McCormack, Nancy ",1
1314,"Plotin, Stephanie L.",1
1315,"McCormack, Nancy",1
1316,"Sirico, Louis J. Jr. ",1
1317,"Pearse, Michelle",1
1318,"Wallace, Karen",1
1319,"Chancellor, Renate",1
1320,"DiFelice, Beth",1
1321,"Anderson, Brian D.",1
1322,"Spohr, Cindy",1
1323,"Oaks, Bob",1
1324,"Puckett, E. Ann",1
1325,"Schneider, Charlotte D.",1
1326,"Fox, Darin K.",1
1327,"Aranas, Pauline",1
1328,"Lutkenhaus, Rebecca",1
1329,"Sims, R. Lee",1
1330,"Hutchinson, Terry",1
1331,"Hirsh, Kenneth J.",1
1332,"Underwood, Peter",1
1333,"Lawal, Vicki",1
1334,"McGrath, Ellen",1
1335,"Lawson, Joseph D.",1
1336,"Russell, Gordon",1
1337,"Kurtz, Paul M.",1
1338,"Durkin, Margaret M. R.",1
1339,"Weller, Travis",1
1340,"Ax-Fultz, Laura J.",1
1341,"Dyszlewski, Nicole P.",1
1342,"Moore, Kristen R.",1
1343,"Currurullo, Maria",1
1344,"Pittson, Cynthia",1
1345,"Pidgeon, Alice",1
1346,"Gannon, Vicky",1
1347,"Wester, Candle M.",1
1348,"Morrison, Matthew M.",1
1349,"Osborne, Caroline L.",1
1350,"Fowler, Stacy",1
1351,"Randtke, Wilhelmina",1
1352,"Harrington, Ryan",1
1353,"Sims, Lee",1
1354,"Benson, Sara R.",1
1355,"Dewey, Scott Hamilton",1
1356,"Cristobal, Kasia Solon",1
1357,"Rosenof, Liza",1
1358,"Rastorfer, Renee",1
1359,"Kirschenfeld, Aaron S.",1
1360,"Braun, Matthew E.",1
1361,"Rucinski, Taryn L.",1
1362,"Campbell, Vivian",1
1363,"AsKew, Sally Curtis",1
1364,"Goodman, Naomi",1
1365,"Jones, D. R.",1
1366,"Zhang, Xiaomeng",1
1367,"Tung, Genevieve Blake",1
1368,"Agrawal, Neel Kant",1
1369,"Canick, Simon",1
1370,"Harker, Yasmin Sokkar",1
1371,"Tesar, Linda K.",1
1372,"Bellis, M. Douglass",1
1373,"Tully, Caitlin B.",1
1374,"Bennett, Allyson R.",1
1375,"Strause, Renata E.B.",1
1376,"Ross, Amy A.",1
1377,"Nelson, Dorothy W.",1
1378,"Rasmussen, Robert K.",1
1379,"Widener, Michael N.",1
1380,"Johnson, Michael",1
1381,"Ahlbrand, Ashley",1
1382,"Sayward, Jacob",1
1383,"Dingle, Lesley",1
1384,"Munoz, Roberta",1
1385,"Okuhara, Keiko",1
1386,"Lemmer, Catherine A.",1
1387,"Lihosit, Judith",1
1388,"Clark, M. Christian",1
1389,"Winston, Andrew M.",1
1390,"Keele, Benjamin J. ",1
1391,"Hallows, Kristen M.",1
1392,"Chiorazzi, Michael G.",1
1393,"Fariss, Linda K.",1
1394,"Adkins, Andy",1
1395,"Chanin, Leah",1
1396,"Donnelly, Rick",1
1397,"Almoite, Benjamin T.",1
1398,"Sampson, Sara",1
1399,"Black-Dorward, Alissa",1
1400,"Willis, Clare Gaynor",1
1401,"Sturgeon, Roy L.",1
1402,"Reinke, Janet Lewis",1
1403,"Hibbler, L. Elliott",1
1404,"Wertkin, Jennifer",1
1405,"Rubin, Dana",1
1406,"Runyon, Amanda",1
1407,"Dabney, L. Cindy",1
1408,"Lee, Mandy",1
1409,"Moreland, John L.",1
1410,"McReynolds, Michael",1
1411,"Metcalf, Keyes D.",1
1412,"Holbrook, Frances Karr",1
1413,"Mixon, John",1
1414,"Bratton, Carol Meyer",1
1415,"Squillante, Alphonse M.",1
1416,"David, J.",1
1417,"Poole, Frazer G.",1
1418,"Kelso, Charles D.",1
1419,"McElderry, Stanley",1
1420,"Thompson, Donald E.",1
1421,"Ellsworth, Ralph",1
1422,"Jones, Richard F.",1
1423,"Lehman, Warren",1
1424,"Milner, Alan",1
1425,"Schick, Frank L.",1
1426,"Campbell, Catharine",1
1427,"Rank, Richard",1
1428,"Matthews, Jessie L.",1
1429,"Bodley, Rosemary T.",1
1430,"Havlik, Robert J.",1
1431,"Fiordalisi, Vincent E.",1
1432,"Welsh, William J.",1
1433,"Poole, H. Albert",1
1434,"Carlson, Elizabeth Anne",1
1435,"Wesley, Phillip",1
1436,"Lane, Margaret T.",1
1437,"Boner, Marian O.",1
1438,"Goderich, Mario",1
1439,"Kenyon, Carleton",1
1440,"Kravitz, Walter",1
1441,"Barfield, Isaac R.",1
1442,"Berry, W. J. C.",1
1443,"Neal, Peyton R. Jr.",1
1444,"Jurkins, Jacquelyn",1
1445,"Green, Mary Polk",1
1446,"Suljak, Nedjelko D.",1
1447,"Evans, Martha M.",1
1448,"Elliot, Lucile M.",1
1449,"Ruffier, Arthur J.",1
1450,"Orfield, Lester B.",1
1451,"Gannon, Richard D.",1
1452,"Shannon, Michael O.",1
1453,"Willard, D. Dean",1
1454,"McGuirl, Marlene C.",1
1455,"Fiske, Arthur W.",1
1456,"Oppenheim, S. Chesterfield",1
1457,"LeBus, Betty Virginia",1
1458,"Tweed, Harrison",1
1459,"Clapp, Verner W.",1
1460,"Goldman, Abe A.",1
1461,"Vennix, Arthur J.",1
1462,"Hansen, Richard H.",1
1463,"Desmond, Charles S.",1
1464,"Nordbye, Gunnar H.",1
1465,"Wypyski, Eugene M.",1
1466,"Johnson, Donald W.",1
1467,"Snook, Helen",1
1468,"Hogan, Marvin P.",1
1469,"Warren, Earl",1
1470,"Kilbourn, Clara",1
1471,"Allen, Layman E.",1
1472,"Simmons, E. B.",1
1473,"Pucher, Michael S.",1
1474,"West, Norbert D.",1
1475,"Kaplan, Benjamin",1
1476,"Daniel, A. Mercer",1
1477,"Gwinner, Ethel Murch",1
1478,"Dorsey, Gray L.",1
1479,"Gaynor, James K.",1
1480,"Murphy, Eileen M.",1
1481,"Swindler, William F.",1
1482,"King, Donald B.",1
1483,"Prinz, Louise H.",1
1484,"Leggett, Glenn",1
1485,"Dunne, Gerald T.",1
1486,"Simak, Andrew",1
1487,"Azzam, Issam",1
1488,"Searls, Eileen H.",1
1489,"Searls, Edward M.",1
1490,"Reid, John P.",1
1491,"Bolden, Connie E.",1
1492,"Lee, Charles E.",1
1493,"Russin, Jonathan",1
1494,"Teclaff, Ludwik A.",1
1495,"Wheeler, Edwin J.",1
1496,"Roberts, Lilly Melchior",1
1497,"Murphy, Eileen",1
1498,Stern. William B.,1
1499,"Birdsall, Shirley",1
1500,"Downs, Robert B.",1
1501,"Tedford, Helen H.",1
1502,"Buckley, Carper",1
1503,"Gaunt, William W.",1
1504,"Melcher, Daniel",1
1505,"Sadow, Sandra",1
1506,"Henderson, Edith G.",1
1507,"Stevenson, Iris Caroline",1
1508,"Brody, Stuart A.",1
1509,"Murray, Alice",1
1510,"Parsons, Jerry L.",1
1511,"Koslov, Marcia",1
1512,"Beatty, William K.",1
1513,"Cole, Charles D. Jr.",1
1514,"Beede, Benjamin R.",1
1515,"Kleckner, Simone Marie",1
1516,"Lee, Takika S.",1
1517,"Iamele, Richard T.",1
1518,"Ford, William T.",1
1519,"White, Bertha R.",1
1520,"Pershing, William E.",1
1521,"Strickland, Rennard",1
1522,"Atkins, Gregg",1
1523,"Porter, Catherine A.",1
1524,"Bailey, James F.",1
1525,"Gonzalez, Silvia",1
1526,"Young, Thomas J. Jr.",1
1527,"Magavero, Gerard",1
1528,"Hess, Elmer B.",1
1529,"Mahar, Ellen P.",1
1530,"Evans, Patricia",1
1531,"Halevy, Balfour J.",1
1532,"Flaherty, David H.",1
1533,"Chadbourne, Erika S.",1
1534,"Moody, Margaret M.",1
1535,"Auerbach, Jerold S.",1
1536,"Konefsky, Alfred",1
1537,"Zobel, Hiller B.",1
1538,"Cunha, George M.",1
1539,"Warden, Gerard B.",1
1540,"Wroth, Kinvin",1
1541,"Bensman, Stephen J.",1
1542,"Wahba, Susanne Patterson ",1
1543,"Potts, Robert E.",1
1544,"Doyle, Francis R.",1
1545,"Hambleton, James E.",1
1546,"Kessler, Ruth M.",1
1547,"Witkowski, Dianne",1
1548,"Dees, Harry",1
1549,"Matteucci, Mario",1
1550,"Rodino, Walter",1
1551,"Davis, Katharine Cleland",1
1552,"Baker, John H.",1
1553,"McCarthy, William E.",1
1554,"Preston, James F. Jr.",1
1555,"Bennett, Robert L.",1
1556,"Wilson, H. Donald",1
1557,"Hess, Edward J. Jr.",1
1558,"Fay, Robert J.",1
1559,"Griffin, Hillis",1
1560,"Watson, Peter G.",1
1561,"Hamilton, L. Clark",1
1562,"Reimers, Paul R.",1
1563,"Warheit, I. A.",1
1564,"Badertscher, David",1
1565,"Gonzalez, Armando E.",1
1566,"Figueredo, Fernando J.",1
1567,"McMaster, Florence R.",1
1568,"Kitchen, Nancy",1
1569,"Neal, Elizabeth A.",1
1570,"Hughes, Marija",1
1571,"Bruce, Dennis L.",1
1572,"Way, Derek J.",1
1573,"Simon, Aaron H.",1
1574,"Silverman, Hugh W.",1
1575,"Evans, Luther H.",1
1576,"Wolfe, Bardie C.",1
1577,"Cogswell, Robert E.",1
1578,"Taylor, Raymond M.",1
1579,"Clark, Theresa P.",1
1580,"Blau, Susan",1
1581,"Kwan, Cecilia",1
1582,"Tanguay, Guy",1
1583,"McGuirl, Marlene c.",1
1584,"Hutchins, Richard G.",1
1585,"Rayford, Vernon A.",1
1586,"Sloane, Richard",1
1587,"Rees, Alan M.",1
1588,"Lucianovic, Judith",1
1589,"Rothenberg, Leslie Beth",1
1590,"Wildman, Iris J.",1
1591,"McDonald, Alice P.",1
1592,"Steele, Anita",1
1593,"Boultbee, Eleanor",1
1594,"Freeman, Peter",1
1595,"Keene, C. Mansel",1
1596,"Swain, Frank G.",1
1597,"Quigley, Brian",1
1598,"Tomlinson, Marion T.",1
1599,"Wigmore, John H.",1
1600,"Hawley, Eva N.",1
1601,"Fredlund, Ingeborg S.",1
1602,"King, John E.",1
1603,"Baker, Hettie Gray",1
1604,"Smith, Claribel H.",1
1605,"Long, Bernita J.",1
1606,"Shafroth, Will",1
1607,"Turner, Ethel M.",1
1608,"Thorne, S. E.",1
1609,"Armstrong, Elizabeth",1
1610,"Perry, Donald",1
1611,"Philbrick, Francis S.",1
1612,"Lindquist, Willis J.",1
1613,"Schiller, A. Arthur",1
1614,"Coffey, Hobart",1
1615,"Randall, William M.",1
1616,"Hollzer, Harry A.",1
1617,"Maltbie, William M.",1
1618,"Hicks, Frederick C. ",1
1619,"Horack, H. Claude",1
1620,"Falknor, Judson F.",1
1621,"Brownfield, Lyman H.",1
1622,"Bassett, Elise",1
1623,"Yu, Charles Y. S.",1
1624,"White, J. Stuart",1
1625,"Brown, George Berdine",1
1626,"Landheer, Bartholomew",1
1627,"Walker, Annie C.",1
1628,"Harris, Helen VanGulpen",1
1629,"Boyd, Helen",1
1630,"Hellyer, David",1
1631,"Gaebler, Hans D.",1
1632,"Northrop, Everett H.",1
1633,"Friend, W. L. Jr.",1
1634,"Jaffe, Mildred Miles",1
1635,"Behymer, E. Hugh",1
1636,"Overton, Elvin E.",1
1637,"McDonald, T. E.",1
1638,"Shriver, Harry C.",1
1639,"Seasongood, Murray",1
1640,"Bacon, Grace W.",1
1641,"Vinton, Margaret E.",1
1642,"Compton, Rowena U.",1
1643,"Magee, Alice M.",1
1644,"Engle, Virginia E.",1
1645,"Cronin, Con P.",1
1646,"Fess, Lehr",1
1647,"Cowley, J. D.",1
1648,"Woodard, Gertrude Elstner ",1
1649,"Fertig, John H.",1
1650,"Elliott, Charles",1
1651,"Willever, E. E. ",1
1652,"Adams, Edward B.",1
1653,"Rich, Burdett A.",1
1654,"Brainerd, Marion",1
1655,"Gholson, Edwin",1
1656,"Hogan, Percy A.",1
1657,"Alexander, W. H. ",1
1658,"Basset, Elsie",1
1659,"Anderson, Christopher B.",1
1660,"Williams, Colleen",1
1661,"Haight, Iantha",1
1662,"Sondhi, Sabrina",1
1663,"Abbasi, Justin O.",1
1664,"Fasano, Francesco N.",1
1665,"Plotkin, Hannah",1
1666,"Miller, Clarence A.",1
1667,"Day, Gladys Judd",1
1668,"Musmanno, Michael Angelo",1
1669,"Decugis, Henri",1
1670,"Conant, Harrison J.",1
1671,"Stewart, Margaret W.",1
1672,"Ridell, William Renwick",1
1673,"Cole, T. L.",1
1674,"Bongartz, J. Harry",1
1675,"Whitten, Robert H.",1
1676,"Stimson, Frederic J.",1
1677,"Cooley, Roger W.",1
1678,"Yorks, Beverley E.",1
1679,"Belt, G. Robert",1
1680,"Brown, C. R. ",1
1681,"Klingelsmith, Margaret C.",1
1682,"Bangs, Lena M.",1
1683,"Smoot, Lawrence Kelley",1
1684,"Marshall, W. F.",1
1685,"Lundin, Alfred H.",1
1686,"Wheeler, Sumner Y.",1
1687,"Ferguson, Milton J.",1
1688,"Harris, Arthur M.",1
1689,"Drew, Susan M.",1
1690,"Lehman, Irving",1
1691,"Thacher, Thomas D.",1
1692,"Holden, William",1
1693,"Kidd, Alexander Marsden",1
1694,"Thornton, Ella May",1
1695,"Morrison, Stephen G.",1
1696,"Volz, Marlin M.",1
1697,"Andrews, Joseph L.",1
1698,"Pulling, Arthur",1
1699,"Payne, John C.",1
1700,"Treat, Kern L.",1
1701,"Elliott, Lucille M.",1
1702,"Gwozdz, Jozef",1
1703,"Druker, B. B.",1
1704,"Rosada, Stefan",1
1705,"Biunno, Vincent P.",1
1706,"Kernan, Mary Anne",1
1707,"Richards, Else E.",1
1708,"Uridge, Margaret D.",1
1709,"Latimer, George W.",1
1710,"Mengarelli, Edgar T.",1
1711,"Carleton, Pauline A.",1
1712,"Shaw, Ralph S.",1
1713,"Burke, Redmond A.",1
1714,"Wiener, Frederick Bernays",1
1715,"Stith, Mary E.",1
1716,"Jennett, Charlotte",1
1717,"Glen, Judson B.",1
1718,"Winbigler, Gordon W.",1
1719,"Wienpahl, Robert W.",1
1720,"Walton, F. P.",1
1721,"Babbitt, Charles J.",1
1722,"Arnold, John H.",1
1723,"Smith, Vernon M.",1
1724,"Mueller, Gerhard O. W.",1
1725,"Heuline, Simone",1
1726,"Andrews, Margaret S.",1
1727,"Armstrong, Charles W.",1
1728,"Peterson, Lois",1
1729,"Rothe, Bertha M.",1
1730,"Leverette, Sarah",1
1731,"Rider, Priscilla L.",1
1732,"Burton, Riley Paul",1
1733,"MacDonald, Harrison M.",1
1734,"Dale, Charles E.",1
1735,"Coleman, Marjorie S.",1
1736,"Eaton, Thelma",1
1737,"Turbeville, Hibernia",1
1738,"Zinn, Charles J.",1
1739,"Greenwood, Jane L.",1
1740,"Knox, Virginia",1
1741,"Blender, D. K.",1
1742,"Davis, Earl H.",1
1743,"Saxe, Leonard S.",1
1744,"Greenburg, Alice Daspit",1
1745,"Medina, Harold R.",1
1746,"Bromley, Bruce",1
1747,"Rothman, Fred B.",1
1748,"Lindsay, Alfred B.",1
1749,"Seymour, Whitney North",1
1750,"Carson, Ralph M.",1
1751,"Keller, Lena",1
1752,"Miller, Wanda",1
1753,"Rickaby, Hamilton C.",1
1754,"Webster, Bethuel M.",1
1755,"David, Charles W.",1
1756,"Parkinson, Thomas I.",1
1757,"Magill, Roswell",1
1758,"Gauges, Joseph G.",1
1759,"Ogden, E. Lucy",1
1760,"Rider, Fremont",1
1761,"Johnston, Geo. A.",1
1762,"Bade, Edward S.",1
1763,"Frantz, Laurent B.",1
1764,"McLaury, Helen",1
1765,"Vanderbilt, Arthur T.",1
1766,"Kennedy, Bernard",1
1767,"Speck, William H.",1
1768,"Jeffrey, William B. Jr.",1
1769,"Pulling, Arthur C. ",1
1770,"Storm, Colton",1
1771,"Oppenheim, Leonard",1
1772,"Pound, Roscoe",1
1773,"Stevens, Mary Helen",1
1774,"Turner, Bolon B.",1
1775,"Jenkins, William S.",1
1776,"Sawyer, William H.",1
1777,"Hallam, H. C.",1
1778,"Hewitt, A. R.",1
1779,"Hastings, C. H.",1
1780,"Fraser, A. H. R.",1
1781,"Wire, G. E. ",1
1782,"Center, Sue L.",1
